,Gene,U,pval,adj_pvals
0,EDNRB,8247.0,2.1480225143234217e-15,2.1480225143234217e-15
1,GRK2,8247.0,2.1480225143234217e-15,2.1480225143234217e-15
