,Edge,U,pval,adj_pvals
0,CXCL10;CCL5,5128.0,0.7176863873468682,0.8298636505529529
1,CXCL10;GBP1,4924.0,0.8298636505529529,0.8298636505529529
