,Edge,U,pval,adj_pvals
0,BATF2;GBP4,232.0,0.3890575952913927,0.5187434603885236
1,GBP4;UBE2L6,184.0,0.7194054359805466,0.7194054359805466
2,GBP4;CXCL10,128.5,0.07562359079906353,0.15124718159812706
3,CXCL10;UBD,277.0,0.042787215828048265,0.15124718159812706
