,Gene,U,pval,adj_pvals
0,BATF2,232.0,0.3890575952913927,0.8992567949756832
1,GBP4,196.5,0.9795153672114842,0.9795153672114842
2,UBE2L6,184.0,0.7194054359805466,0.8992567949756832
3,CXCL10,175.0,0.561458447091779,0.8992567949756832
4,UBD,277.0,0.042787215828048265,0.21393607914024132
