,Gene,U,pval,adj_pvals
0,BATF2,278.5,0.0399837287304078,0.049979660913009746
1,UBE2L6,77.0,0.0019604294985188374,0.004901073746297093
2,CXCL10,334.0,0.000502977148268732,0.0025148857413436598
3,GBP4,308.0,0.004946991726414187,0.008244986210690312
4,UBD,198.0,1.0,1.0
