,Gene,U,pval,adj_pvals
0,BATF2,242.0,0.2642140611342779,0.3302675764178474
1,GBP4,184.0,0.7289701952433362,0.7289701952433362
2,UBE2L6,348.0,0.00012448598392864456,0.0006224299196432228
3,CXCL10,338.0,0.000342995308589508,0.00085748827147377
4,UBD,327.0,0.0009733245083105912,0.0016222075138509855
