,Gene,U,pval,adj_pvals
0,BATF2,178.0,0.6167274014648405,0.7709092518310506
1,UBE2L6,200.0,0.9692894100597967,0.9692894100597967
2,CXCL10,345.0,0.00016974760623489013,0.0008487380311744506
3,GBP4,314.0,0.0030321127114383522,0.005053521185730587
4,UBD,333.0,0.0005561918716180744,0.001390479679045186
