,Edge,U,pval,adj_pvals
0,BATF2;GBP4,9965.5,5.353966893128409e-34,1.8122980711809687e-33
1,UBD;CXCL10,4419.0,0.15480683187622438,0.15480683187622438
2,GBP4;UBE2L6,54.5,9.061490355904844e-34,1.8122980711809687e-33
3,GBP4;CXCL10,3025.5,1.3015185867085986e-06,1.7353581156114648e-06
