,Gene,U,pval,adj_pvals
0,BATF2,9965.5,5.353966893128409e-34,2.2653725889762107e-33
1,UBD,4419.0,0.15480683187622438,0.15480683187622438
2,GBP4,8478.5,1.7350753274439022e-17,2.1688441593048775e-17
3,CXCL10,1096.5,1.1105477240877395e-21,1.850912873479566e-21
4,UBE2L6,54.5,9.061490355904844e-34,2.2653725889762107e-33
