,Gene,U,pval,adj_pvals
0,BATF2,10000.0,2.5478940283853917e-34,1.2739470141926958e-33
1,UBD,6617.0,7.819172539215266e-05,9.773965674019082e-05
2,GBP4,9964.0,7.498779314568595e-34,1.8746948286421485e-33
3,CXCL10,4523.0,0.2442997508905177,0.2442997508905177
4,UBE2L6,680.0,4.840917043135838e-26,8.068195071893063e-26
