,Edge,U,pval,adj_pvals
0,CXCL10;CCL5,6116.0,0.0016581268567239665,0.0016953997081395763
1,CXCL10;GBP1,3882.5,0.0016953997081395763,0.0016953997081395763
