,Gene,U,pval,adj_pvals
0,ZWINT,8831.0,0.105489423014137,0.1476851922197918
1,NUSAP1,8562.0,0.23482893861591236,0.27396709505189776
2,SPAG5,6636.0,0.05650254975741531,0.09887946207547679
3,RAD51AP1,7820.0,1.0,1.0
4,PRC1,6636.0,0.05650254975741531,0.09887946207547679
5,NUF2,9172.5,0.030290658730332848,0.09887946207547679
6,DSN1,9979.5,0.0005409227717951971,0.00378645940256638
