,Gene,U,pval,adj_pvals
0,ZWINT,8816.0,0.11078022148245571,0.1270561550721155
1,NUSAP1,5474.0,0.0001717789853444247,0.0006012264487054866
2,SPAG5,6388.0,0.021840725051416494,0.030577015071983092
3,RAD51AP1,8773.0,0.1270561550721155,0.1270561550721155
4,PRC1,6388.0,0.021840725051416494,0.030577015071983092
5,NUF2,9470.0,0.008233494977043159,0.01921148827976737
6,DSN1,10274.0,8.484947044365017e-05,0.0005939462931055513
