,Edge,U,pval,adj_pvals
0,CD5;CD7,345.0,1.0,1.0
1,ANPEP;CD7,333.0,0.7093661433223559,1.0
2,SECTM1;CD7,218.0,0.013703192612301828,0.04110957783690549
