,Gene,U,pval,adj_pvals
0,CD5,345.0,1.0,1.0
1,ANPEP,333.0,0.7093661433223559,0.9458215244298079
2,SECTM1,218.0,0.013703192612301828,0.054812770449207314
3,CD7,239.5,0.043445276414352474,0.08689055282870495
