,Gene,U,pval,adj_pvals
0,CXCL10,9472.5,7.845826721438188e-29,3.138330688575275e-28
1,CCL5,3298.0,1.3473298330622733e-05,1.7964397774163643e-05
2,CCL4,1475.0,5.118753972626068e-20,1.0237507945252136e-19
3,GBP1,6610.0,2.382148600517135e-05,2.382148600517135e-05
