,Gene,U,pval,adj_pvals
0,CXCL10,9970.0,6.187618266690143e-34,2.4750473066760572e-33
1,CCL5,8684.0,2.205224204602985e-19,2.9402989394706464e-19
2,CCL4,6089.0,0.007815502591197619,0.007815502591197619
3,GBP1,9548.5,1.0530933168962747e-28,2.1061866337925493e-28
