,Gene,U,pval,adj_pvals
0,DCN,58.0,0.000342995308589508,0.000342995308589508
1,MMP2,58.0,0.000342995308589508,0.000342995308589508
