,Gene,U,pval,adj_pvals
0,EDNRB,876.0,0.006606331880162258,0.006606331880162258
1,GRK2,876.0,0.006606331880162258,0.006606331880162258
