,Gene,U,pval,adj_pvals
0,GRK2,1805.0,0.0009441786426960254,0.0009441786426960254
1,EDNRB,1805.0,0.0009441786426960254,0.0009441786426960254
