,Gene,U,pval,adj_pvals
0,DCN,106.0,0.6982695731119696,0.870743021786665
1,TGFB1,121.0,0.870743021786665,0.870743021786665
2,TGFB3,70.0,0.09365888227368302,0.8429299404631472
3,TGFBR3,90.0,0.3433542325312826,0.870743021786665
4,TGFBR2,109.0,0.8100903127052028,0.870743021786665
5,TGFBR1,95.0,0.4489159401885974,0.870743021786665
6,LTBP3,111.0,0.870743021786665,0.870743021786665
7,LTBP1,129.0,0.6508994763264212,0.870743021786665
8,ENG,81.0,0.20213621203112941,0.870743021786665
