,Gene,U,pval,adj_pvals
0,DCN,123.0,0.7908251334967005,0.8896782751837881
1,TGFB1,144.0,0.31691482754101347,0.7732619412840137
2,TGFB3,80.0,0.19431397932346697,0.7732619412840137
3,TGFBR3,98.0,0.5155079608560091,0.7732619412840137
4,TGFBR2,103.0,0.643985445432218,0.8279812869842803
5,TGFBR1,96.0,0.4713490328630344,0.7732619412840137
6,LTBP3,96.0,0.4793800873497267,0.7732619412840137
7,LTBP1,117.0,0.9855772453495412,0.9855772453495412
8,ENG,85.0,0.2594862565118108,0.7732619412840137
