,Gene,U,pval,adj_pvals
0,IL1B,1468.0,5.740152830059635e-07,1.7220458490178906e-06
1,PRF1,4099.0,2.1948710650837927e-05,2.1948710650837927e-05
2,CD8A,4099.0,2.1948710650837927e-05,2.1948710650837927e-05
