,Gene,U,pval,adj_pvals
0,YWHAE,2409.0,2.4579928614431146e-10,2.4579928614431146e-10
1,CDK11B,2409.0,2.4579928614431146e-10,2.4579928614431146e-10
