,Gene,U,pval,adj_pvals
0,GRK2,8479.5,1.8867387976053035e-17,1.8867387976053035e-17
1,EDNRB,8479.5,1.8867387976053035e-17,1.8867387976053035e-17
