,Gene,U,pval,adj_pvals
0,CXCL10,116.0,0.013789426131302263,0.013789426131302263
1,CCL5,127.0,0.0020324103214656576,0.004064820642931315
2,GBP1,118.0,0.009997080982575382,0.01332944131010051
3,CCL4,127.0,0.0020324103214656576,0.004064820642931315
