,Edge,U,pval,adj_pvals
0,BATF2;GBP4,9986.0,2.4089845963959383e-34,4.8179691927918766e-34
1,UBD;CXCL10,4168.0,0.041422026730586974,0.041422026730586974
2,UBE2L6;GBP4,8.5,2.3102805730636124e-34,4.8179691927918766e-34
3,CXCL10;GBP4,3574.5,0.0004749397902996076,0.0006332530537328102
