,Gene,U,pval,adj_pvals
0,BATF2,9986.0,2.4089845963959383e-34,6.0224614909898455e-34
1,UBD,4168.0,0.041422026730586974,0.041422026730586974
2,UBE2L6,8.5,2.3102805730636124e-34,6.0224614909898455e-34
3,CXCL10,1715.0,8.213053884252079e-16,1.0266317355315098e-15
4,GBP4,8337.0,3.2282513984956418e-16,5.380418997492737e-16
