,Gene,U,pval,adj_pvals
0,CXCL10,1574.0,6.674707147463158e-18,1.1124511912438596e-17
1,GBP4,7884.0,5.34641738540515e-13,6.683021731756437e-13
2,UBE2L6,117.0,9.45541568846158e-36,4.72770784423079e-35
3,UBD,4245.5,0.04742885856818864,0.04742885856818864
4,BATF2,9949.0,2.2570795680477753e-35,5.642698920119438e-35
