,Gene,U,pval,adj_pvals
0,BATF2,9949.0,2.2570795680477753e-35,5.642698920119438e-35
1,UBD,4245.5,0.04742885856818864,0.04742885856818864
2,CXCL10,1574.0,6.674707147463158e-18,1.1124511912438596e-17
3,GBP4,8338.0,3.204605314414487e-17,4.0057566430181086e-17
4,UBE2L6,117.0,9.45541568846158e-36,4.72770784423079e-35
