,Gene,U,pval,adj_pvals
0,BATF2,10000.0,2.518064345408129e-34,1.2590321727040644e-33
1,UBD,6515.0,0.000214918673197775,0.00026864834149721876
2,CXCL10,4317.0,0.09538265474729196,0.09538265474729196
3,GBP4,9873.0,1.1049887175308346e-32,2.7624717938270864e-32
4,UBE2L6,744.0,2.5268101474903816e-25,4.211350245817303e-25
