,Gene,U,pval,adj_pvals
0,UBD,92.5,0.006983423001477423,0.011639038335795706
1,CXCL10,306.5,0.005568763634585466,0.011639038335795706
2,GBP4,306.0,0.005795500698235304,0.011639038335795706
3,BATF2,121.0,0.049395785821851626,0.049395785821851626
4,UBE2L6,121.0,0.049395785821851626,0.049395785821851626
