,Gene,U,pval,adj_pvals
0,CXCL10,274.0,0.051581092683354826,0.11270657121488073
1,GBP4,160.5,0.33845608300029184,0.4230701037503648
2,UBE2L6,127.0,0.06762394272892844,0.11270657121488073
3,BATF2,127.0,0.06762394272892844,0.11270657121488073
4,UBD,198.0,1.0,1.0
