,Gene,U,pval,adj_pvals
0,CXCL10,327.0,0.0009733245083105912,0.002433311270776478
1,GBP4,301.0,0.00851839273487197,0.014197321224786617
2,UBE2L6,227.0,0.4644646009630672,0.4644646009630672
3,BATF2,227.0,0.4644646009630672,0.4644646009630672
4,UBD,333.0,0.0005561918716180744,0.002433311270776478
