,Gene,U,pval,adj_pvals
0,UBD,289.0,0.02018964725706071,0.05047411814265178
1,CXCL10,326.0,0.0010661609328665974,0.005330804664332987
2,GBP4,217.0,0.6349099465172365,0.6349099465172365
3,BATF2,225.0,0.4964042468530516,0.6205053085663145
4,UBE2L6,225.0,0.4964042468530516,0.6205053085663145
