,Gene,U,pval,adj_pvals
0,CCL5,71.0,0.9773475681021577,1.0
1,CXCL10,86.0,0.4417841195921285,1.0
2,GBP1,72.5,1.0,1.0
