,Gene,U,pval,adj_pvals
0,FN1,376.0,0.9713974649786636,1.0
1,PLG,378.0,1.0,1.0
2,F2,369.0,0.5363881322159223,1.0
3,AHSG,369.0,0.5363881322159223,1.0
4,SERPIND1,378.0,1.0,1.0
5,FGA,346.0,0.45146884320541536,1.0
6,FGB,354.0,0.5592297761944294,1.0
7,FGG,348.0,0.4807100634707764,1.0
8,SERPINC1,378.0,1.0,1.0
9,ALB,369.0,0.5363881322159223,1.0
10,ITGB3,371.0,0.8765261236141464,1.0
11,SERPINF2,378.0,1.0,1.0
12,F13B,378.0,1.0,1.0
13,ERVFRD-1,378.0,1.0,1.0
14,MFSD2A,378.0,1.0,1.0
