,Gene,U,pval,adj_pvals
0,MMP2,752.5,3.129268226317475e-25,3.129268226317475e-25
1,DCN,752.5,3.129268226317475e-25,3.129268226317475e-25
