,Gene,U,pval,adj_pvals
0,DCN,449.0,1.0094378531704439e-28,1.0094378531704439e-28
1,MMP2,449.0,1.0094378531704439e-28,1.0094378531704439e-28
