,Gene,U,pval,adj_pvals
0,KIF11,7317.5,1.2752173688315663e-08,1.9128260532473496e-08
1,INCENP,8614.5,4.838229858627806e-19,1.0886017181912563e-18
2,DSN1,3490.5,0.00015895134733164741,0.00017882026574810335
3,NUF2,5943.0,0.019158466736874796,0.019158466736874796
4,PRC1,7118.5,3.83438139376628e-08,4.9299189348423596e-08
5,RAD51AP1,434.5,3.712516142635298e-30,1.1137548427905894e-29
6,ZWINT,8.0,1.4762485934385086e-34,1.328623734094658e-33
7,SPAG5,9897.5,9.79900635923962e-34,4.409552861657829e-33
8,NUSAP1,8058.5,4.39182495401052e-14,7.905284917218936e-14
