,Gene,U,pval,adj_pvals
0,KIF11,4779.0,0.5900474642951936,0.5900474642951936
1,INCENP,9084.0,1.9107281021593205e-23,4.299138229858471e-23
2,DSN1,1685.0,5.558955818178448e-16,8.338433727267672e-16
3,NUF2,1549.0,3.429776364519515e-17,6.173597456135127e-17
4,PRC1,7802.0,7.639366276621679e-12,8.594287061199388e-12
5,RAD51AP1,167.0,3.5626969468029663e-32,1.603213626061335e-31
6,ZWINT,0.0,2.562143669163401e-34,2.305929302247061e-33
7,SPAG5,9588.0,3.6813761265439587e-29,1.1044128379631876e-28
8,NUSAP1,8235.5,2.6930066419103487e-15,3.462437111027591e-15
