,Edge,U,pval,adj_pvals
0,IGF2;IGFBP5,423.0,0.8200112944671282,0.8699183239495654
1,IGF2;IGFBP3,372.0,0.5632973756081476,0.8699183239495654
2,IGFBP5;IGFBP3,391.0,0.7638423257763398,0.8699183239495654
3,IGFBP5;IGFALS,390.0,0.43559621548852756,0.8699183239495654
4,IGFBP5;PAPPA,419.0,0.8699183239495654,0.8699183239495654
5,IGFBP3;IGFALS,438.5,0.6179084824484298,0.8699183239495654
