,Gene,U,pval,adj_pvals
0,IGF2,354.0,0.39027653827081576,0.9130594304234495
1,IGFBP5,402.0,0.9130594304234495,0.9130594304234495
2,IGFBP3,341.0,0.28815409434547035,0.9130594304234495
3,IGFALS,402.0,0.9035553466033257,0.9130594304234495
4,PAPPA,419.0,0.8699183239495654,0.9130594304234495
