,Gene,U,pval,adj_pvals
0,ITGB2,255.0,0.7190384367032271,1.0
1,ITGAM,263.0,1.0,1.0
2,THY1,253.0,0.6529410161621312,1.0
