,Gene,U,pval,adj_pvals
0,KIF11,7309.5,0.41392404769369906,0.5321880613204703
1,PRC1,6713.5,0.07632957476680349,0.17174154322530788
2,RAD51AP1,7880.0,0.9240575642290169,0.9240575642290169
3,ZWINT,8096.0,0.6589716647858639,0.7413431228840969
4,NUF2,9641.0,0.0035356620549189563,0.02223294185426664
5,SPAG5,6615.0,0.05353119385802098,0.16059358157406295
6,INCENP,8340.0,0.4051904440476569,0.5321880613204703
7,DSN1,8346.5,0.39925039983996613,0.5321880613204703
8,NUSAP1,9575.0,0.004940653745392586,0.02223294185426664
